-- phpMyAdmin SQL Dump
-- version 5.2.0
-- https://www.phpmyadmin.net/
--
-- Host: localhost:3306
-- Generation Time: Jun 15, 2024 at 03:47 PM
-- Server version: 8.0.30
-- PHP Version: 8.1.10

SET SQL_MODE = "NO_AUTO_VALUE_ON_ZERO";
START TRANSACTION;
SET time_zone = "+00:00";


/*!40101 SET @OLD_CHARACTER_SET_CLIENT=@@CHARACTER_SET_CLIENT */;
/*!40101 SET @OLD_CHARACTER_SET_RESULTS=@@CHARACTER_SET_RESULTS */;
/*!40101 SET @OLD_COLLATION_CONNECTION=@@COLLATION_CONNECTION */;
/*!40101 SET NAMES utf8mb4 */;

--
-- Database: `ci4`
--

-- --------------------------------------------------------

--
-- Table structure for table `tbl_inventaris`
--

CREATE TABLE `tbl_inventaris` (
  `id_inventaris` int NOT NULL,
  `nama_inventaris` varchar(50) NOT NULL,
  `jumlah_inventaris` int NOT NULL,
  `stok` int DEFAULT NULL,
  `id_ruangan` int DEFAULT NULL,
  `nama_ruangan` varchar(20) CHARACTER SET utf8mb4 COLLATE utf8mb4_0900_ai_ci NOT NULL,
  `id_operator` int DEFAULT NULL,
  `gambar` blob NOT NULL,
  `created_at` datetime NOT NULL DEFAULT CURRENT_TIMESTAMP,
  `updated_at` datetime NOT NULL DEFAULT CURRENT_TIMESTAMP
) ENGINE=InnoDB DEFAULT CHARSET=utf8mb4 COLLATE=utf8mb4_0900_ai_ci;

--
-- Dumping data for table `tbl_inventaris`
--

INSERT INTO `tbl_inventaris` (`id_inventaris`, `nama_inventaris`, `jumlah_inventaris`, `stok`, `id_ruangan`, `nama_ruangan`, `id_operator`, `gambar`, `created_at`, `updated_at`) VALUES
(28, 'Bola Basket', 20, 20, 2, '', 2, 0xffd8ffe000104a46494600010101006000600000ffdb0043000a07070907060a0908090b0b0a0c0f19100f0e0e0f1e161712192420262523202322282d3930282a362b2223324432363b3d4040402630464b453e4a393f403dffdb0043010b0b0b0f0d0f1d10101d3d2923293d3d3d3d3d3d3d3d3d3d3d3d3d3d3d3d3d3d3d3d3d3d3d3d3d3d3d3d3d3d3d3d3d3d3d3d3d3d3d3d3d3d3d3d3d3d3d3d3d3dffc000110800b400b403012200021101031101ffc4001f0000010501010101010100000000000000000102030405060708090a0bffc400b5100002010303020403050504040000017d01020300041105122131410613516107227114328191a1082342b1c11552d1f02433627282090a161718191a25262728292a3435363738393a434445464748494a535455565758595a636465666768696a737475767778797a838485868788898a92939495969798999aa2a3a4a5a6a7a8a9aab2b3b4b5b6b7b8b9bac2c3c4c5c6c7c8c9cad2d3d4d5d6d7d8d9dae1e2e3e4e5e6e7e8e9eaf1f2f3f4f5f6f7f8f9faffc4001f0100030101010101010101010000000000000102030405060708090a0bffc400b51100020102040403040705040400010277000102031104052131061241510761711322328108144291a1b1c109233352f0156272d10a162434e125f11718191a262728292a35363738393a434445464748494a535455565758595a636465666768696a737475767778797a82838485868788898a92939495969798999aa2a3a4a5a6a7a8a9aab2b3b4b5b6b7b8b9bac2c3c4c5c6c7c8c9cad2d3d4d5d6d7d8d9dae2e3e4e5e6e7e8e9eaf2f3f4f5f6f7f8f9faffda000c03010002110311003f00f64a28a5a00292968a004a296919828249000e493da800a335cc6b3e3cd2f4c2635b9b7690779265451fd4fe02b95baf1d5b6a19136b4163eeb6eae89f4c8193f9d612ae97c29bf43a618594b59351f53d22ef53b2b01fe97770427d1dc027f0eb595378cb4a8ffd5b5c4fff005ce06fe6702b868356d0b7623bfb4576f56da4fe24569c4b0cf16f8648a58cf1b91c303f8d72cf15596d0b7adffe01db4f0541ef3bfa5bfe09b9278ead547c9a7deb7d760ffd9a983c7b6f9f9f4ebb51ea190ffecd589243b074c66ab3c631d2b9de36baec75472fc33e8fef3a84f1ee984fef20bd8fdcc41bff004126afdb78b744ba60a9a8c28de936623ff8f015e7f2c4b9aa92c2181c818f7a2398d45f124cb7945097c3268f62575750e8c194f208390696bc52292e34f72f63733da3fac2e541fa8e87f106ba0d3fe22ea56055754b65be8bbc90811ca3eabf75bff1daeca58ea53d1e870d7ca2bd35787bcbcb7fb8f4ba5acad17c4da5f88222da75d2bba8f9e26f9644faa9e7f1e95a99aed4ee796d34ecc28a5a281094b4514009451450014b4945002d2519ac1f10f8aacf45ff00472d24b76c322dedd43ca47ae0f0a3fda6207d694a4a2aec718b93b234ef2f9adff776f099ee0f44ddb547bb3761f813e80d63cfa0beafceb9792dd21e7ecd0b34302fe0a7737fc089fa0ae65fc41e24bdc8b51a7e9309e4654dccdf524e173f81fad40f6daddc3ee9bc55a96ef488246bf9015c52c4425a731d90c2565adac77365a0697a7ae2d34db3800ee90283f9e335784698c6d5c7d0579da69bac8e61f136a5f491cb7f5157e093c4f66091a8add46070ae06e3f983fcc569095396d2339e1eac77475f3e956376a45cd95b4c0f51242adfcc563cde03d059fccb7b3fb14bbb7092ce468883eb8071fa536d7c4b76991a85b46800c990e5147b12370fc4e056adaeb76975024bbcc48fd1a4c6c3edbc657f0ce6b5e56b5462d35a3306ebc37ab5a863637f0dea9ff9677c9b5bfefe27f55ae6efb551a6ca22d72ca7d35cf02471be273db6baf07f435ea07919ec7a5433451cd1345322c91b0c323a82a47b8358d48465f1237a788a94fe1679be6395049048b246dd194d5793deb6758f86d6c59ae7c3974fa55cf5f2865add8fbaf55fc38f6ae3af751d4742bc5b4f135835bb3711dd45f34527d08fe9cfb0ae0ab83eb4f5f2ea7b186cc612d2a68ff02fca3a8c7f9fff0059aa92a0e7038ab06459635921749236e55d4e41fc7fcf7aaf2107a7f9ff003c57172b5a1ed4257332e2065b85b8b695e0b9439496362aca7ea2bb0f0c7c5392da44b1f1463d16f117f5703a8f71d3b8ef5cb4b8e79e338ff3fe7bd65dec4b38daff0050476f71e95df86af283b7438f1b82a7888dedaf73e8e8658e7896585d648dc6e574390c0f4208eb4faf02f06f8eeebc2575f659f7cfa7939783ba8eef1fa1f55e87af15ee9a7ea16daa58c37963324d6f32ee4753c11fe7b57ad19292ba3e56b5195195a459a29296a8c44a28a2800a0d154b58d521d1f4d96ee6e4270880f2ec780a3ea693692bb1c62e4d25b985e38f1747e1cd3da38a648ee9d7719186440bd3763bb1e8a3b9e7a035e50be36d2ed6c7ed204f3dc4cec4c6ec0c8e41fbcedcf5fc6abf887597d4a4bdd56f009f0e60b44232b24c4619c0ee1470bd7a553d46c069ba458787ad2346d46fdd649df1c8e78e7d339fc173debcfa8e35da53bdafb7e6dff5e47af4e32c345fb3b5edabdf5e897f5e7d91dbe99aedadde831ead33adadbb121bcd6e8412303d4f1da934ff001869ba84f3c76c974e96f134b24be500a1475ef9fa5723a269b1f89ae0999cc7a16963ca89376ddfdcb13db3f798fb815bdae6ad63a5f86e4834a8a28e19f310745da847f16de3e738e091c0cf526b28e1e0a7c8936dfe1ff06c68ebcdc39e56b2fc7fe01d945776eb69f6a3320b609e6197a8db8ce6a9e8fe27fed1ba78fec9e5468ace64dff71077618ebf4ae22fb5892c7c39a7695f3093ca13ccbdf049644fc8838fa56b4adfd97a54560df2dc4e04f778e71fdd8ff0ea7debba961928d9eede9e9dce4ab886ddd6c96bfe477b6daa5add61637f9c8c8032a71fe4ff009e6a29ace1323491130c8ff79e16d8c7eb8e0fe20d729e1ed47cbbcf27c8deeea5a494b63cb45ea4f6c67f5fa56bcdae5846ec8f7d02be7180fc83f874a9aa9d39da23a495487348926bfd5f4afded898ee077888d9bb3dca8f909fa6cab9a57c42d3aea7169a9a9d3af3a15972109fa9fbbf8f1ee6a8fdad258c3c6e9223742a4107f1e9fe4d65ea96b6da9c623b98d4edfb848c329f504723bfe558bc55b49aff335797a9abc1dbf23d28b64023a11907d4554bdb4b6d42d24b6bc8239e09061a2957729fc2bcaacf57d73c18336aeda8e94324dbc9f7a3e79c63a7d57f15aeffc3fe2bd33c4f6be6e9f37ef5466481f8923fafa8f71c7d3a52959ae683ba38674a54a5cb356670faf7806ff00c3b23ea1e14692e2d73ba5d3a43b987baff7be9f7beb58963abdb6a911f2898e74fbf0bfde1fe3f5faf4af6477ff00f5d715e31f035beb9236a1a732d9eb09c89470b31f47f7ff006bf3cf6ca4e35349efdffccebc2e2ea61de9ac7b7f91c8cefd49aa1339ddf4a641a8ca6e24b0d4a236ba8c276ba30c64faff005fa0e3ad24c72727a63a7f9ff3d6a553717667d0c3110ab0e683d0cfbe4de32a70cbca9f435bff000ffc792f85750115c966d2e76c5c47d7c96e9bd7fa8ee3dc5604bc035953131ce4ff000bf19fe55db45d8f271d18cb7ebfd5cfada19a3b8852585d5e3750caca72083d08a92bc77e0ef8d087ff00847350972305acd98fe263fea3f1af61aea4ee78528b8bb30a28a299215e51f1435b9ee6f5ac6cb739b61e522a64fef9c72c71fdd53fa9af4bd63514d2748babe93910465c0f53d87e2715e390b4921692562f3484bc8c4fde62724fe75c38eafece09773d7ca70beda729bd2cbf17fe464dbe8d23ebd611989974ed3621b18e3f7927738faf3f8549a3e957b7be21d4755d46d4c45a368ede391b18dca54720f185e3f1357ee6f1a1ba4b659ededbf74669269f1855ce000323273d7d38f5a822f12cfb2d144085a484cb23b472150bbcaa1c28246e033c838ae084ab4a374ba5bf5fc4f42ad3a11959bd9dff0045f77439cb7d6a0d263974e974db9b5613acac9e687daebc0f91d4823d8e7a03dab746947501fdb9addcde496b6ca5cdb5d42237603eea80090149c0e8335aa3c431c5a89b196d8b5d471abc822953824676aef2a5b8c74f5abf27d8f578e6b1b8532055479a17ca98f3f32eec743f8f15d3edda6a4a36eef739961934e2e57ecad6d7e4717e1d56d57c4373ab6a20bc3681aee6ff0069bf853f3fe42b4742f3f5dd7dcdc72ac4cd37a119e17e9d07d2ba3b1f0fe9f6da5dd59da6e105deededbb7907181cfb7a7b1f5acab3f0d6a361ad5a956c42ad992e21936fcb9ce31d79c01dc73ed9aee8e2232e669db4b2f438a5869c395357d6efd48fc59aec93dfbd8c2e160888121538323039393e80f6fa9a8b4c8747bbb709797ceb74c305588882fb2f63dfafe554eed23d3fc4ad25ea8748ee8c8c980dbd0927383f5cfe156f58b3f0cdcdb7da23bd86d49c63c83b89e9d63fff00574ab93508462aeafd51118b9d4949d9dba3329afa6f0af891e01266059079b818de879048ec4039fc2bb5bab98ed90bcd2c50c6a71b9dc28cfd4f1dbf4f615e79ff0008ccb2cf1bc3756d73639065b889bfd5a0c64b29e471dab3355d4ae7c49adfeed5887711dbc59e157a0ff127eb5856a51aed34f65ab37a35e5868cb9a3bbd17f5f23d2a3d46daef22d6e609f6ffcf370c7eb8cfb03fd40ac2bfd25e2bc5d4b4599acafd0ee0d19c027fa13f91ee0d731ab786e7d16d92f12ec4855972514a15279041ff3d6b574cf134b26968d342f7132388d8a9c120f43d3a9fd4fb9ae5f62e1efd195cedf6f0ab7a389859dafff000c77de13f8823589c699ac20b4d59781fc2b39f61d9bdba1ede95d4bbf6e9dbfa7f4c7e7ef5e43ac6990ea9102d98e7419470391ec7dbfcfad6cf84fc6f3099744f10b6db95f961ba761890740ac7a67b06ef803eb9ce0aa2e686fd57f91c388c34b0f2d758bd9ff0099b5e30f0c5b7896d4382b0dfc43f73381ce3fbadeabfcbb71907cd84f7315cc961a8c662bd84ed2adfc5efefeb91c1ce6bd7e772321ba8ea3fcfe35caf8b3c3f1ebb6c1d0aa5ec3feaa5e0647f758fa7b9e9f9d2a3592f727b7e44d3a92a52e687cd7738499b8f5159b767721f6a99a59519e0b9468ee22255d58739aab33678af4611b336af555485d05b5ecd69730dddb48639e270e8c3b30e95f52f847c411789bc3769a94580654c48b9fbae3861f9d7ca19c6457abfc0bf109b7d4aef4595ff773af9d103d9870df98c7e55ba3ca9bb9ee345145320f3ff8c7ad1d33c2f6f022191ee6e14b20ef1a7cc73e833b6bccb4ff0012d94e00f3fc973fc128c73fef74fcebb8f88d7de678b62b7e0adbdaaf1eeec49fd00ae46ebc3fa5ea432f088a423fd646769ff035e5e2ea5294f92a27a7547d1e5d47114e82a945a77e8ffccd3dd0dca21b8823900e5599030fc0f356e178565795428924003381c9c74cfd2b8c3e15d574d6326937a5d73f7376d3f97434c3aeeb1a690ba969e4a8eae14a13ff00021c573ac3732fdd493f2dbf03a9e32317fbf838f9eebef4773058d9879dda15733cbe73f9837866f5e7f0aa375a23bda48c5fed467befb4dc447f77e727411e7db8c64e38e6b22d7c536642976b9b66ff00a6b17ca3f119fcf15b16bac798a248424b19e7e4714d7b6a2ef244f2d0c42b53927fd762789edb4eb86bc8f4fb8b08eda13e66764714c49c00547704f0c3fc01bcbac8b5d3ed9ef9c9b89c068e28d007933f77e51d0e3193f5aaf1eab1b2e1c82e47207afd0ff9fad235be9f3ccd37923ce660de62bb2b0c770c0e41e00c8eb81f43b46ac1fc4613c3d48ec3a78f4ef1358a5c3ab053b807e11d304e467a7047b8efd3af3b77e0789a52175191549c61a104ff0031ea3ffac4e28d474ebe8b439f4fb46f3e39ee8bb3c63e758c91c6dce49dc33c75c763d352defedae230b6926e489026c2087400600607a1c7e1c9ebcb0d5d59d357a72d0ca3429d5972d58eb6399f10c16de1fd10da598732debe2595f04ed1cedc8e01e47031dfeb553c1da7869a4bf9003e5fc91023f88f538f61f5ebd2bad9f6c8a51d56446032186430ebd39e3a9efd4554411dadb88add15635c954e8bdfdfa7bffb4dd71c67f586e9b8f57d4e85805eda353ecad97f5f79ccf8cb54f3ee92ca36ca45f3b9ee5cfe27a0fc724e6adf866d9ad34c699b8370770ebd06e007e7fceb10e8f7936abb2ed18798e59e41c8c7527ffac6ba92e1540555c28e07603b7e1f2e3e80d6b55a8d354e2618484eae2255ea2b5b45fd7a123cb8c63040e991c1e49fa7ff005b3e9599a9dac77f095738907dd63d73df3f5efee7daacbbf3ebe9fd3b7b0eb555e4c1f5e300ff009fafebd2b18269dd1e8d5519c5c65b3377c23e2b7b80349d51cfdae3e21949ff005a07627fbde87bfd7aefcf3614e7278eddabcbefa2336d923244c9cab0e0d761a1eb7fdb3a4832b7fa5438497dfd1bf1fe79a9c4515fc48fccf027074a7c8f6e867789f4b4d41bed106d4ba4e01e9e60f43fe27fc2b8b90b062b229571c106bd06ed8f23d3a62b9ad52c56e4effbb20e377afd6b7c356b2e59195483de273c7ad6bf857536d17c51a6df29c08a75ddfee9e0fe84d664d04b011e62f1d8f634fb785e59012085c75c5775d5ae72daeec7d811b89625753c30cd158de0dbff00ed2f0969b724e59e05cfd71cd15441e5be359bcdf1cea6724ed289f920e3f5ac7bdd4a3d36cc5c4a18a9754c2f5e73cfe957bc5b263c6dabff00d7607ff1c5ae63c4624ba86d2da152cceeef8f6007ff005ebc9a94d4f11696c7d652aae8e014a1bd95bd59d2d8ea915dc7e65b4c1d7fd93c8fa8ed5745e81c32820f1c8af388ac5ed332437452756210a9c6f1d8e4e38abd6fe2bbcb490c57b1a4e14e0b0f95bfc0d29e0b5bd3772219946c9578f2fe2bfe01d8be9da55e29dd0082439cb47f28fc4743f8d53ff843e0f3375accbbc1e1a363149f98eff85554d72cb11192510b4a82450e3180738c9fc2af45761d03413230ec55b8a50ab5e969776f3ff82693c361711aab37e5bfe1a90cba66af6f21ff004b693007cb7d1eece78fbebcfb64fa7b5539751bbb400dc5836d03996da5122fd71d4719ff0039adb5d5ae611f7f00763d3d0f5fcbf4a47be867c9b8b78d98f52bc30fa7f9f6ad7db425f1c3eed0c9616bd3fe1d47f3d7f33262f11dbca0a2de20c1fb930287f5e3dbafa0e066ac7f699918bb60803efe41cfe3f99fc3dea3bed1b4dbf0768743ebeffe7fa7b670e6f0a4f036fb1bbfd707f4a5cb465b36bd47cf8a86b28297a3fd19bdf6c490b64ed2724fd4e7af73dbf2eb51bce1864739c9ea31fe7a8fc0d73328d62c89575f35477c06ff00ebd363d71a33b678591875dbfe06abeaedeb1770fafd34ed34e2fcd1d1bc995207b81c7f9f53d3d7a543249dcb139edeff00e7f9f7acd8f57824c0f3403fed8c7ff5aa61389305486efc1cd2f66e3ba3755e13d62ee3de4cf3f955692424f3d69cee39ee3150b1cd5a4672911c8734ed0ef058f88506711dc0f2d876c9e9fae3f3a63f4aa33398ae22957ef23822b68c79938bea7998cf86fd8edeff00e5931d0735992a8627d6b5353c64fbd66609ae086c60ccad4a20b14471cf9cbfd6a63000fbb39a76a4b9fb1ae7969c1fcbff00d7567cb191ee6ba1ced146695e4cf62f859705fc0968324ec79139f66228aaff00099b3e03b76fef4f31ff00c7cd15e8ad8e17b9c47c43436be3bbece409151c7e58fe95c9dec8af72a59038581b084e03658647e5fae2bbef8cd646dfc41637cabf2cd098d8fb8391fccd7995fb8f3e00dc2ba953f4cd724a1fbdb9eed2af7c1a5db4fc4966be547865c4857386941e73dc107f8ba75eb8c53357b5dd6c976843213b723a1e3823dbd8f23a54325bfda275de496276b36002c7d7ff00afde81b9348b98f7ee889464cf0739e78fc2aed6b34734f9a4a519ad2cedea9097709b8d520b50c47c914409e71f28ff001a0e98e1c9b2b98e7da546509520938039a5f3923f10f9b203b124c9c0cf4a9f4fbcf35f7caf1ac8668f8002f0a1b9c7e54db925a762230a73a8d4b76dff005fd22233eb1633245e6cfbdbee286de1be9d734bff000906a111d92ec257aabc601ab9b8c50ed3fb80b0484aa9dc5373019ce7bfa565eae49bc19392234193d4fca2947966ece28babed28439a137d34bff5f91d44533496f1b3603320242fae29de6b6ee093ec0ff9ff0038a890858947a281fa7f9fff005505c9ce3fcff9cd70b5a9efc5be557275bb7518dd9f7f7ff3fd2a094c328c4b1211f4c8a6b1c67d4f39f4a8ddc7d7dcd351ec1295f46549f4ab493ee2ed3fec9aa4fa43c4d9827c7a678fd4569b13cfbd46cc6b78d492ea70d4c2d196bcb6f4d0cc26fe1ebfbc51f46ffebd20d4594e258883df1ffd7ad027351be0f0c011ef5a2927ba39e54271f826fe7a95bedb0bff00115fa8a8266594a6c6058b8c54f2dac2727663fdda860d3daeaf3c88187dddc4b76ff3c5691e55a9c7887552b4accee2fbf78c02e78f5aa5b08e08ac4167acdaff00a9b92c3d04bfd0d48353d66dc8f3ed7cd1ebe5ff0055ae2541dbdd92647b5ee9966e937eab671ff711e423ebc0fe556256f2a1793fb8a5bf215931eba9fda725cdcdbb02631185539db8ebd7dea7bdd6adaf6cdeded925f3e6c20dca31c9fad53a53bc5589552366ee7b87c2cb531f806c011d72df9f345741e14b11a77862c2df6e364438a2bd138d981f14f484d4bc36256e040f967c7dd53c67f0e0fe15e09796923b34137eeee2062a41e99ff0f435f555fda477f633db4a3292a1523eb5e05ad6812dccf716d1fcbaa583795b5b817118fbb93eb8e87d883ed8557cad48eac35451bc25aa6715e6324882e3e4752392386fc6abdd4a876a44db954609edd49feb5a6ae240d14c84329c3a3af2a7d08ed50cba5c527313143e87914a3349fbc76d5c3ce70bd27ccbf129dccad1ea32b8c13b8f5a5fb6abff00ad8548e7a0a92f2c676999d53783fddaa2cac870ca41f422b58f2b48e2abed29ce5756572d17b76ddb728586081900ff009fe9515c3079ce1cb8e0024e6a1a075154958c6553995ac761bb81dfebfe7da90b7247ad34b6791f863fcff9e29b9cf627e95e6d8fadb8e2dd7dbfcff9fa530b103fafe74d2698c793da9a44b62b354678eb416eb4c26ad233948427d29a49a0d413dda4208fbcde82ae316f6396ad58c15db0b994431e7f88f415bfe1fd33ec766d34c3fd226e4fb0f4ff003fd2aa687a1493c8b7da80c28e52323afb915d230dc738e056188aa92f671f99e7b93a92e67b742b9841f4a8e4096913dc30f96252e71df1daade3ad666ac0dd4d6ba6a759dbcc9b1da35ff13fcab9e9ae6958727657445a65911a723cd869272667dc33cb7ff5b15634bd0e2d47c5fa558c3046a77f9d215403e5078cfe20d5e65dcc02e003f90ae9fe126906f754bed7a453e593e5404ff74700ff009f5ae9c33954a8e5d0c6aa518247abc68238d51780a001453a8af48e30af38f89da33da347e20b18cb345f2dca2f574ff11d47ff005ebd1ea2bbb58ef6d64b7994347229560694a2a4acc69d9dd1e1177a769de27b68ee564f2ae36fc97510e4fb30effceb95d474bd4f4525aee0325be78b887943f5f4fc715d078a346bef00ebcff670d269f336e553d3f0f4348be269e536f3e9f750c76e032dcc7347bb61ec5b1ce3b1c74eb5c1c95294b97789d94eab8ae68bb1cbc57b1c9c2b0fa1e2a7322b8c3007d88cd6d489e19d6eca2bab987fb3a6965f289b73d1fdc018c1f5c0a88f8125972748d5e29867012452a7f4cff2a6e50eb75ebfe675c31f2b5a4afe9fe46335a5abf5897f0e2a23a5dbb60a975fc722b4e6f097892ddb02da2987aa3aff005c1aacfa46bf17dfd2673feea93fcaad4bf966bef1baf8697c50fc3fc89377a9a4dff4aae6cf591ff308bbff00bf2f4f4d2b5f946134a9d73fdf8caff3a9e45dd7de6ef30a7e7f70f2f8a617ab09e17f11ca7e6823847ab489fd09ab09e03d4a4ff8fad42dd07fb2cce7f9014af4d6f24652c7dfe18b3224b844fbcea3f1aacd7e83840ce4fe15d7db781b4c808373733dc1ee06114ff5fd6b56d6c74ed340fb1d9c51b7f7c8cb7e679a8788a51daecc655eb4fb2fc4e1ed346d5b54c18e030c47f8e4f947f89fc2b7f4ff000b59e9c564b86fb4ce39e46141fa56e493b3f19e955ae6786d13ccbc9a3850ff007ce09fa0ea7f0ac6588a93f763a7a19722f8a4ee2b1dc07403b002900358d71e2db44629656b35cb7f79be45fcb93fcaa94be23d5e6ff5315b5b2ffbbb8feb9a51c3547be9ea0a69fc3a9d3ed0aacce422202ccc7a003926b3b498dee1a7d5665dad73f2c2a47dc8874fcfafe1ef5cc5e6a7aade07b59aecba100baae147d0e00aded0b5c92eace78ef42a9b551f3818caf4c63d7f9d692a12a74db5adff002279af25756342e219af5e2d3ecc137178de5ae3aaaff137e5c7e35ee7e1fd1e1d0b45b6b18000b120071dcf7ae33e1b785dd0b6bba847b669976c08dd634ff135e8b5dd87a5ece167b9cd567cf2128a28adcc828a29680327c45e1fb5f11e972d9dda02187cad8e54d7cebe27f0c5f784754292991533fbab84ee3debea0ac9f107876cbc47a7bdadec61811f2b6395349ab951938b3e69b5d5208e58def74f86608fbf7c436e4fab2f435b936a9a36a7a6ec8a180dcaa910a49f26c63ee31df9c0a6f8c7e1fea3e1598c91ab4d684f0ebdab912f1bfdf407f435cf3a29b4f5d0e98b8c968fef3bff000ec8f65a5a25c5d4d24ec7738924dc17d029f4c56cade93c8707f1af2a89cc47f7171345ec1b8ab49a8ea11fddbc0dfefa83fd2b96a615ca4ddcd229a56b1e9ff6d6c7de23de98d76c33cd79c7f6d6a7da587a63ee8a0eb3aab749625fa28acfea72ee8777fcacf436bcc7de7cfe350b5d83d324fb579f9d4b556ce6f76ffbb81fc854121ba9c7efef65707a82e4d52c1f790fdfe913bbb8d52dedc7efae228bfde719fcbad64dcf8b2c223fbb32dcbffb0bb47e67fc2b9516b12f525beb52a22afdd503e95a470b4d6fa8d42a3ecbf134ae3c4ba95d7cb6b1c76887b8e5bf33fd00acefb399a532dcc8f3487ab3b673520a78ad95a1a4558d63878ef2d47c6a15405000f414d9a5d9848c6e95bee8fea7da9b24db0ec401a43d17b0f734c45f2c939df2b9e4f73ec3da84bab3493fb31ff86155161888273dd9bd4d7a17c32f01cfaacbfda5a94452c8b891508ff58474cfb0feb52f813e194fa9c91ea3ad218ed4619213d5feb5ed10411dbc291428123418551d056f085b591e7622b295a30d90e4458d02a00140c0029d4515a1ca25145140051452d001494b4940115cdac3790343711ac91b0c1561915e51e32f83b1cfbeef42f91fa984ff004af5da4a00f92352d1eff48b8686f6de48d97d45540e6beb2d5741d3f5a80c57d6d1ca0f72391f8d79b6bdf04ade62d269173e59fee49d3f3a968d6351a3c6031a7035d56a7f0cbc45a5966366d320ef1f35cecda75e5b3159eda58c8fef29152e2ce88558bea420d3c1a660a9e411f851b80eb91f81a8b337538f72414e06a3dfe8ac7f0c558b7b1bebc6db6b6b2484ff00750b51cad95eda11ea377055249c0f534d32b30fddfc8bfdf6fe82baad2fe17f88f532aed6be429fe398ff004af42d03e0d69d66566d5a77bb9473b3a2d354cc678b5d0f25d13c3da96bb30874bb591f71f9a561c7d49af64f07fc2cb2d10a5dea645d5e0e79fbaa7e95dc59e9f6ba7c021b481218d7a0518ab35a28a4724eaca7a3d84501461400074028a296a8c84a5a4a5a004a28a2800a28a28016928a2800a28a28016928a2800c66abcda7da5c7faeb689ff00de5068a280284be13d12618934db63ff0000155ffe105f0ee7fe41707e5451400f8bc15a042c1934bb707fddad4b7b0b5b4502dede28c7fb2a051450058a28a2800a5a28a004a28a2800a5a28a004a28a2803fffd9, '2024-06-11 22:53:24', '2024-06-11 22:53:24');

-- --------------------------------------------------------

--
-- Table structure for table `tbl_peminjaman`
--

CREATE TABLE `tbl_peminjaman` (
  `id_peminjaman` int NOT NULL,
  `id_user` int DEFAULT NULL,
  `id_inventaris` int DEFAULT NULL,
  `id_ruangan` int DEFAULT NULL,
  `jumlah_pinjam` int NOT NULL,
  `tanggal_peminjaman` date NOT NULL,
  `tanggal_pengembalian` date DEFAULT NULL,
  `status` enum('pending','approved','returned') NOT NULL
) ENGINE=InnoDB DEFAULT CHARSET=utf8mb4 COLLATE=utf8mb4_0900_ai_ci;

--
-- Dumping data for table `tbl_peminjaman`
--

INSERT INTO `tbl_peminjaman` (`id_peminjaman`, `id_user`, `id_inventaris`, `id_ruangan`, `jumlah_pinjam`, `tanggal_peminjaman`, `tanggal_pengembalian`, `status`) VALUES
(1, 10, 28, NULL, 12, '2024-06-06', '2024-06-15', 'returned'),
(2, 2, 28, NULL, 1, '2024-06-06', '2024-06-15', 'returned'),
(3, 2, 28, NULL, 10, '2024-06-15', '2024-06-15', 'returned'),
(4, 3, 28, NULL, 10, '2024-06-15', '2024-06-15', 'returned'),
(5, 2, 28, NULL, 10, '2024-06-15', '2024-06-15', 'returned'),
(6, 2, 28, NULL, 5, '2024-06-15', '2024-06-15', 'returned'),
(7, 2, 28, NULL, 5, '2024-06-15', '2024-06-15', 'returned'),
(8, 2, 28, NULL, 5, '2024-06-15', NULL, ''),
(9, 2, 28, NULL, 5, '2024-06-15', NULL, ''),
(10, 2, 28, NULL, 10, '2024-06-15', '2024-06-15', 'returned'),
(11, 2, 28, NULL, 10, '2024-06-15', '2024-06-15', 'returned'),
(12, 2, 28, NULL, 10, '2024-06-15', '2024-06-15', 'returned'),
(13, 2, 28, NULL, 10, '2024-06-15', '2024-06-15', 'returned'),
(14, 2, 28, NULL, 13, '2024-06-15', '2024-06-15', 'returned'),
(15, 2, 28, NULL, 5, '2024-06-15', '2024-06-15', 'returned'),
(16, 2, 28, NULL, 5, '2024-06-15', '2024-06-15', 'returned'),
(17, 2, 28, NULL, 2, '2024-06-15', '2024-06-15', 'returned'),
(18, 2, 28, NULL, 2, '2024-06-15', '2024-06-15', 'returned'),
(19, 2, 28, NULL, 2, '2024-06-15', '2024-06-15', 'returned'),
(20, 2, 28, NULL, 4, '2024-06-15', '2024-06-15', 'returned'),
(21, 2, 28, NULL, 4, '2024-06-15', '2024-06-15', 'returned'),
(22, 2, 28, NULL, 4, '2024-06-15', '2024-06-15', 'returned'),
(23, 2, 28, NULL, 4, '2024-06-15', '2024-06-15', 'returned'),
(24, 2, 28, NULL, 4, '2024-06-15', '2024-06-15', 'returned'),
(25, 2, 28, NULL, 1, '2024-06-15', '2024-06-15', 'returned'),
(26, 10, 28, NULL, 10, '2024-06-15', '2024-06-15', 'returned'),
(27, 10, 28, NULL, 12, '2024-06-15', '2024-06-15', 'returned'),
(28, 10, 28, NULL, 10, '2024-06-15', '2024-06-15', 'returned');

-- --------------------------------------------------------

--
-- Table structure for table `tbl_ruangan`
--

CREATE TABLE `tbl_ruangan` (
  `id_ruangan` int NOT NULL,
  `nama_ruangan` varchar(255) NOT NULL,
  `gedung` varchar(255) NOT NULL
) ENGINE=InnoDB DEFAULT CHARSET=utf8mb4 COLLATE=utf8mb4_0900_ai_ci;

--
-- Dumping data for table `tbl_ruangan`
--

INSERT INTO `tbl_ruangan` (`id_ruangan`, `nama_ruangan`, `gedung`) VALUES
(1, 'Ruangan TIK', 'Gedung Informatika'),
(2, 'Ruangan Olahraga', 'Gedung Olahraga'),
(3, 'Ruangan Gudang', 'Gedung Gudang');

-- --------------------------------------------------------

--
-- Table structure for table `tbl_users`
--

CREATE TABLE `tbl_users` (
  `id` int NOT NULL,
  `username` varchar(120) DEFAULT NULL,
  `email` varchar(120) DEFAULT NULL,
  `role` enum('admin','operator','peminjam') NOT NULL,
  `password` varchar(120) DEFAULT NULL,
  `created_at` timestamp NOT NULL DEFAULT CURRENT_TIMESTAMP
) ENGINE=InnoDB DEFAULT CHARSET=utf8mb4 COLLATE=utf8mb4_0900_ai_ci;

--
-- Dumping data for table `tbl_users`
--

INSERT INTO `tbl_users` (`id`, `username`, `email`, `role`, `password`, `created_at`) VALUES
(1, 'admin', 'admin@example.com', 'admin', 'admin1234', '2024-06-09 15:53:13'),
(2, 'dono77', 'destafauzi279@gmail.com', 'operator', 'dono1234', '2024-06-09 15:53:13'),
(3, 'dodi', 'destafauzi279@gmail.com', 'peminjam', 'dodi1234', '2024-06-09 15:53:13'),
(6, 'admin2', 'admin2@example.com', 'admin', 'admin21234', '2024-06-11 20:46:29'),
(8, 'putri', 'putri@gmail.com', 'admin', 'putri1234', '2024-06-11 20:51:48'),
(10, 'adi', 'adi@gmail.com', 'peminjam', 'adi1234', '2024-06-11 20:54:47');

--
-- Indexes for dumped tables
--

--
-- Indexes for table `tbl_inventaris`
--
ALTER TABLE `tbl_inventaris`
  ADD PRIMARY KEY (`id_inventaris`),
  ADD KEY `id_ruangan` (`id_ruangan`),
  ADD KEY `id_operator` (`id_operator`);

--
-- Indexes for table `tbl_peminjaman`
--
ALTER TABLE `tbl_peminjaman`
  ADD PRIMARY KEY (`id_peminjaman`),
  ADD KEY `id_user` (`id_user`),
  ADD KEY `id_inventaris` (`id_inventaris`),
  ADD KEY `id_ruangan` (`id_ruangan`);

--
-- Indexes for table `tbl_ruangan`
--
ALTER TABLE `tbl_ruangan`
  ADD PRIMARY KEY (`id_ruangan`);

--
-- Indexes for table `tbl_users`
--
ALTER TABLE `tbl_users`
  ADD PRIMARY KEY (`id`);

--
-- AUTO_INCREMENT for dumped tables
--

--
-- AUTO_INCREMENT for table `tbl_inventaris`
--
ALTER TABLE `tbl_inventaris`
  MODIFY `id_inventaris` int NOT NULL AUTO_INCREMENT, AUTO_INCREMENT=29;

--
-- AUTO_INCREMENT for table `tbl_peminjaman`
--
ALTER TABLE `tbl_peminjaman`
  MODIFY `id_peminjaman` int NOT NULL AUTO_INCREMENT, AUTO_INCREMENT=29;

--
-- AUTO_INCREMENT for table `tbl_ruangan`
--
ALTER TABLE `tbl_ruangan`
  MODIFY `id_ruangan` int NOT NULL AUTO_INCREMENT, AUTO_INCREMENT=4;

--
-- AUTO_INCREMENT for table `tbl_users`
--
ALTER TABLE `tbl_users`
  MODIFY `id` int NOT NULL AUTO_INCREMENT, AUTO_INCREMENT=11;

--
-- Constraints for dumped tables
--

--
-- Constraints for table `tbl_peminjaman`
--
ALTER TABLE `tbl_peminjaman`
  ADD CONSTRAINT `tbl_peminjaman_ibfk_1` FOREIGN KEY (`id_user`) REFERENCES `tbl_users` (`id`),
  ADD CONSTRAINT `tbl_peminjaman_ibfk_2` FOREIGN KEY (`id_inventaris`) REFERENCES `tbl_inventaris` (`id_inventaris`),
  ADD CONSTRAINT `tbl_peminjaman_ibfk_3` FOREIGN KEY (`id_ruangan`) REFERENCES `tbl_ruangan` (`id_ruangan`);
COMMIT;

/*!40101 SET CHARACTER_SET_CLIENT=@OLD_CHARACTER_SET_CLIENT */;
/*!40101 SET CHARACTER_SET_RESULTS=@OLD_CHARACTER_SET_RESULTS */;
/*!40101 SET COLLATION_CONNECTION=@OLD_COLLATION_CONNECTION */;
